{
  "local": {
    "N": [
      2,
      3,
      4,
      5,
      6,
      7,
      8,
      9,
      10,
      11,
      12,
      13,
      14,
      15,
      16
    ],
    "gamma": [
      0.15022545101491944,
      0.10010013353367075,
      0.07505630631336273,
      0.06003602882592949,
      0.050025016679154384,
      0.04287552070643996,
      0.037514069535196426,
      0.03334444938518944,
      0.030009003601633926,
      0.027280167995111713,
      0.025006252084131684,
      0.023082250159898333,
      0.021433164577701606,
      0.020004001067002727,
      0.018753516504171303
    ],
    "R2": [
      1.0,
      1.0,
      1.0,
      1.0,
      1.0,
      1.0,
      1.0,
      1.0,
      1.0,
      1.0,
      1.0,
      1.0,
      1.0,
      1.0,
      1.0
    ],
    "alpha": -1.0005602101704536,
    "A": 0.3004869800816481,
    "R2fit": 0.9999999702074852,
    "alpha_CI": [
      -1.0006201939554182,
      -1.0004435930872093
    ]
  },
  "collision": {
    "N": [
      2,
      3,
      4,
      5,
      6,
      7,
      8,
      9,
      10,
      11,
      12,
      13,
      14,
      15,
      16
    ],
    "gamma": [
      0.027375746949099222,
      0.01632500515533091,
      0.010271980289587231,
      0.006940083667181101,
      0.004961927053705351,
      0.003706632433283684,
      0.0028660608318741556,
      0.002278240958639359,
      0.0018523253764310996,
      0.001534496385330387,
      0.0012913737940411774,
      0.001101431805079361,
      0.0009503186830643509,
      0.0008281859956743423,
      0.0007281034082269103
    ],
    "R2": [
      1.0,
      1.0,
      1.0,
      1.0,
      1.0,
      1.0,
      1.0,
      1.0,
      1.0,
      1.0,
      1.0,
      1.0,
      1.0,
      1.0,
      1.0
    ],
    "alpha": -1.8037354132856138,
    "A": 0.1161361144144198,
    "R2fit": 0.9956372850142532,
    "alpha_CI": [
      -1.8843374845995946,
      -1.757749188723807
    ],
    "lambdaR": 3.0,
    "norm": "l2",
    "beta": 1.0
  }
}
